INSERT INTO `acl_role` (`id`, `name`, `role_type`, `is_valid`, `create_operator`, `remark`, `is_deleted`, `create_time`, `update_time`) VALUES ('1', '采购组员', 'channelJurisdiction', '1', 'B571346F625E44DB8FCBA8116E72593D', '系统角色，只能修改备注和角色权限', '0', '2017-06-13 14:14:20', '2017-06-13 14:30:11');


INSERT INTO `acl_role_resource_relation` ( `role_id`, `resource_code`, `create_operator`, `create_time`, `update_time`) VALUES ( '1', '202020101', NULL, '2017-06-13 14:30:11', '2017-06-13 14:30:11');
INSERT INTO `acl_role_resource_relation` ( `role_id`, `resource_code`, `create_operator`, `create_time`, `update_time`) VALUES ( '1', '202020102', NULL, '2017-06-13 14:30:11', '2017-06-13 14:30:11');
INSERT INTO `acl_role_resource_relation` ( `role_id`, `resource_code`, `create_operator`, `create_time`, `update_time`) VALUES ( '1', '202020103', NULL, '2017-06-13 14:30:11', '2017-06-13 14:30:11');
INSERT INTO `acl_role_resource_relation` ( `role_id`, `resource_code`, `create_operator`, `create_time`, `update_time`) VALUES ( '1', '202020104', NULL, '2017-06-13 14:30:11', '2017-06-13 14:30:11');
INSERT INTO `acl_role_resource_relation` ( `role_id`, `resource_code`, `create_operator`, `create_time`, `update_time`) VALUES ( '1', '202020105', NULL, '2017-06-13 14:30:11', '2017-06-13 14:30:11');
INSERT INTO `acl_role_resource_relation` ( `role_id`, `resource_code`, `create_operator`, `create_time`, `update_time`) VALUES ( '1', '202020106', NULL, '2017-06-13 14:30:11', '2017-06-13 14:30:11');
INSERT INTO `acl_role_resource_relation` ( `role_id`, `resource_code`, `create_operator`, `create_time`, `update_time`) VALUES ( '1', '202020201', NULL, '2017-06-13 14:30:11', '2017-06-13 14:30:11');
INSERT INTO `acl_role_resource_relation` ( `role_id`, `resource_code`, `create_operator`, `create_time`, `update_time`) VALUES ( '1', '202020301', NULL, '2017-06-13 14:30:11', '2017-06-13 14:30:11');
INSERT INTO `acl_role_resource_relation` ( `role_id`, `resource_code`, `create_operator`, `create_time`, `update_time`) VALUES ( '1', '202020302', NULL, '2017-06-13 14:30:11', '2017-06-13 14:30:11');



INSERT INTO `acl_user_accredit_info` (`id`, `user_id`, `phone`, `name`, `user_type`, `channel_code`, `remark`, `is_valid`, `is_deleted`, `create_operator`, `create_time`, `update_time`) VALUES ('1', 'B571346F625E44DB8FCBA8116E72593D', '18012345678', 'admin', 'mixtureUser', 'QD002', 'admin', '1', '0', 'B571346F625E44DB8FCBA8116E72593D', '2017-06-13 13:59:45', '2017-06-13 13:59:45');

INSERT INTO `acl_user_accredit_role_relation` (`id`, `user_accredit_id`, `user_id`, `role_id`, `is_valid`, `create_operator`, `create_time`, `update_time`) VALUES ('1', '1', 'B571346F625E44DB8FCBA8116E72593D', '3', '1', NULL, '2017-06-13 13:59:45', '2017-06-19 10:29:24');
INSERT INTO `acl_user_accredit_role_relation` (`id`, `user_accredit_id`, `user_id`, `role_id`, `is_valid`, `create_operator`, `create_time`, `update_time`) VALUES ('2', '1', 'B571346F625E44DB8FCBA8116E72593D', '2', '1', NULL, '2017-06-13 13:59:45', '2017-06-19 10:06:50');


INSERT INTO `acl_role` (`id`, `name`, `role_type`, `is_valid`, `create_operator`, `remark`, `is_deleted`, `create_time`, `update_time`) VALUES ('3', '渠道角色', 'channelJurisdiction', '1', 'B571346F625E44DB8FCBA8116E72593D', '', '0', '2017-06-13 13:50:04', '2017-07-21 15:28:05');
INSERT INTO `acl_role` (`id`, `name`, `role_type`, `is_valid`, `create_operator`, `remark`, `is_deleted`, `create_time`, `update_time`) VALUES ('2', '全局角色', 'wholeJurisdiction', '1', 'B571346F625E44DB8FCBA8116E72593D', '全局角色所有权限', '0', '2017-06-13 13:58:42', '2017-07-13 20:54:41');

INSERT INTO `acl_role_resource_relation` ( `role_id`, `resource_code`, `create_operator`, `create_time`, `update_time`) VALUES ( '3', '202010101', NULL, '2017-07-21 15:28:05', '2017-07-21 15:28:05');
INSERT INTO `acl_role_resource_relation` ( `role_id`, `resource_code`, `create_operator`, `create_time`, `update_time`) VALUES ( '3', '202010102', NULL, '2017-07-21 15:28:05', '2017-07-21 15:28:05');
INSERT INTO `acl_role_resource_relation` ( `role_id`, `resource_code`, `create_operator`, `create_time`, `update_time`) VALUES ( '3', '202010103', NULL, '2017-07-21 15:28:05', '2017-07-21 15:28:05');
INSERT INTO `acl_role_resource_relation` ( `role_id`, `resource_code`, `create_operator`, `create_time`, `update_time`) VALUES ( '3', '202010201', NULL, '2017-07-21 15:28:05', '2017-07-21 15:28:05');
INSERT INTO `acl_role_resource_relation` ( `role_id`, `resource_code`, `create_operator`, `create_time`, `update_time`) VALUES ( '3', '202010301', NULL, '2017-07-21 15:28:05', '2017-07-21 15:28:05');
INSERT INTO `acl_role_resource_relation` ( `role_id`, `resource_code`, `create_operator`, `create_time`, `update_time`) VALUES ( '3', '202010401', NULL, '2017-07-21 15:28:05', '2017-07-21 15:28:05');
INSERT INTO `acl_role_resource_relation` ( `role_id`, `resource_code`, `create_operator`, `create_time`, `update_time`) VALUES ( '3', '202020101', NULL, '2017-07-21 15:28:05', '2017-07-21 15:28:05');
INSERT INTO `acl_role_resource_relation` ( `role_id`, `resource_code`, `create_operator`, `create_time`, `update_time`) VALUES ( '3', '202020102', NULL, '2017-07-21 15:28:05', '2017-07-21 15:28:05');
INSERT INTO `acl_role_resource_relation` ( `role_id`, `resource_code`, `create_operator`, `create_time`, `update_time`) VALUES ( '3', '202020103', NULL, '2017-07-21 15:28:05', '2017-07-21 15:28:05');
INSERT INTO `acl_role_resource_relation` ( `role_id`, `resource_code`, `create_operator`, `create_time`, `update_time`) VALUES ( '3', '202020104', NULL, '2017-07-21 15:28:05', '2017-07-21 15:28:05');
INSERT INTO `acl_role_resource_relation` ( `role_id`, `resource_code`, `create_operator`, `create_time`, `update_time`) VALUES ( '3', '202020105', NULL, '2017-07-21 15:28:05', '2017-07-21 15:28:05');
INSERT INTO `acl_role_resource_relation` ( `role_id`, `resource_code`, `create_operator`, `create_time`, `update_time`) VALUES ( '3', '202020106', NULL, '2017-07-21 15:28:05', '2017-07-21 15:28:05');
INSERT INTO `acl_role_resource_relation` ( `role_id`, `resource_code`, `create_operator`, `create_time`, `update_time`) VALUES ( '3', '202020201', NULL, '2017-07-21 15:28:05', '2017-07-21 15:28:05');
INSERT INTO `acl_role_resource_relation` ( `role_id`, `resource_code`, `create_operator`, `create_time`, `update_time`) VALUES ( '3', '202020301', NULL, '2017-07-21 15:28:05', '2017-07-21 15:28:05');
INSERT INTO `acl_role_resource_relation` ( `role_id`, `resource_code`, `create_operator`, `create_time`, `update_time`) VALUES ( '3', '202020302', NULL, '2017-07-21 15:28:05', '2017-07-21 15:28:05');
INSERT INTO `acl_role_resource_relation` ( `role_id`, `resource_code`, `create_operator`, `create_time`, `update_time`) VALUES ( '3', '202030101', NULL, '2017-07-21 15:28:05', '2017-07-21 15:28:05');
INSERT INTO `acl_role_resource_relation` ( `role_id`, `resource_code`, `create_operator`, `create_time`, `update_time`) VALUES ( '3', '202030201', NULL, '2017-07-21 15:28:05', '2017-07-21 15:28:05');
INSERT INTO `acl_role_resource_relation` ( `role_id`, `resource_code`, `create_operator`, `create_time`, `update_time`) VALUES ( '3', '202030202', NULL, '2017-07-21 15:28:05', '2017-07-21 15:28:05');
INSERT INTO `acl_role_resource_relation` ( `role_id`, `resource_code`, `create_operator`, `create_time`, `update_time`) VALUES ( '3', '202030102', NULL, '2017-07-21 15:28:05', '2017-07-21 15:28:05');
INSERT INTO `acl_role_resource_relation` ( `role_id`, `resource_code`, `create_operator`, `create_time`, `update_time`) VALUES ( '3', '202030103', NULL, '2017-07-21 15:28:05', '2017-07-21 15:28:05');
INSERT INTO `acl_role_resource_relation` ( `role_id`, `resource_code`, `create_operator`, `create_time`, `update_time`) VALUES ( '3', '202030301', NULL, '2017-07-21 15:28:05', '2017-07-21 15:28:05');
INSERT INTO `acl_role_resource_relation` ( `role_id`, `resource_code`, `create_operator`, `create_time`, `update_time`) VALUES ( '3', '202030302', NULL, '2017-07-21 15:28:05', '2017-07-21 15:28:05');
INSERT INTO `acl_role_resource_relation` ( `role_id`, `resource_code`, `create_operator`, `create_time`, `update_time`) VALUES ( '3', '202030203', NULL, '2017-07-21 15:28:05', '2017-07-21 15:28:05');
INSERT INTO `acl_role_resource_relation` ( `role_id`, `resource_code`, `create_operator`, `create_time`, `update_time`) VALUES ( '3', '202030104', NULL, '2017-07-21 15:28:05', '2017-07-21 15:28:05');
INSERT INTO `acl_role_resource_relation` ( `role_id`, `resource_code`, `create_operator`, `create_time`, `update_time`) VALUES ( '3', '202030105', NULL, '2017-07-21 15:28:05', '2017-07-21 15:28:05');
INSERT INTO `acl_role_resource_relation` ( `role_id`, `resource_code`, `create_operator`, `create_time`, `update_time`) VALUES ( '3', '202030106', NULL, '2017-07-21 15:28:05', '2017-07-21 15:28:05');
INSERT INTO `acl_role_resource_relation` ( `role_id`, `resource_code`, `create_operator`, `create_time`, `update_time`) VALUES ( '3', '202030204', NULL, '2017-07-21 15:28:05', '2017-07-21 15:28:05');
INSERT INTO `acl_role_resource_relation` ( `role_id`, `resource_code`, `create_operator`, `create_time`, `update_time`) VALUES ( '3', '202030205', NULL, '2017-07-21 15:28:05', '2017-07-21 15:28:05');
INSERT INTO `acl_role_resource_relation` ( `role_id`, `resource_code`, `create_operator`, `create_time`, `update_time`) VALUES ( '3', '202030206', NULL, '2017-07-21 15:28:05', '2017-07-21 15:28:05');
INSERT INTO `acl_role_resource_relation` ( `role_id`, `resource_code`, `create_operator`, `create_time`, `update_time`) VALUES ( '3', '202040101', NULL, '2017-07-21 15:28:05', '2017-07-21 15:28:05');
INSERT INTO `acl_role_resource_relation` ( `role_id`, `resource_code`, `create_operator`, `create_time`, `update_time`) VALUES ( '3', '202040301', NULL, '2017-07-21 15:28:05', '2017-07-21 15:28:05');
INSERT INTO `acl_role_resource_relation` ( `role_id`, `resource_code`, `create_operator`, `create_time`, `update_time`) VALUES ( '3', '202050101', NULL, '2017-07-21 15:28:05', '2017-07-21 15:28:05');
INSERT INTO `acl_role_resource_relation` ( `role_id`, `resource_code`, `create_operator`, `create_time`, `update_time`) VALUES ( '3', '202050301', NULL, '2017-07-21 15:28:05', '2017-07-21 15:28:05');
INSERT INTO `acl_role_resource_relation` ( `role_id`, `resource_code`, `create_operator`, `create_time`, `update_time`) VALUES ( '3', '202040302', NULL, '2017-07-21 15:28:05', '2017-07-21 15:28:05');
INSERT INTO `acl_role_resource_relation` ( `role_id`, `resource_code`, `create_operator`, `create_time`, `update_time`) VALUES ( '3', '202050201', NULL, '2017-07-21 15:28:05', '2017-07-21 15:28:05');
INSERT INTO `acl_role_resource_relation` ( `role_id`, `resource_code`, `create_operator`, `create_time`, `update_time`) VALUES ( '3', '202050302', NULL, '2017-07-21 15:28:05', '2017-07-21 15:28:05');


INSERT INTO `acl_role_resource_relation` ( `role_id`, `resource_code`, `create_operator`, `create_time`, `update_time`) VALUES ( '2', '101010101', NULL, '2017-07-13 20:54:41', '2017-07-13 20:54:41');
INSERT INTO `acl_role_resource_relation` ( `role_id`, `resource_code`, `create_operator`, `create_time`, `update_time`) VALUES ( '2', '101010102', NULL, '2017-07-13 20:54:41', '2017-07-13 20:54:41');
INSERT INTO `acl_role_resource_relation` ( `role_id`, `resource_code`, `create_operator`, `create_time`, `update_time`) VALUES ( '2', '101010104', NULL, '2017-07-13 20:54:41', '2017-07-13 20:54:41');
INSERT INTO `acl_role_resource_relation` ( `role_id`, `resource_code`, `create_operator`, `create_time`, `update_time`) VALUES ( '2', '101010105', NULL, '2017-07-13 20:54:41', '2017-07-13 20:54:41');
INSERT INTO `acl_role_resource_relation` ( `role_id`, `resource_code`, `create_operator`, `create_time`, `update_time`) VALUES ( '2', '101010106', NULL, '2017-07-13 20:54:41', '2017-07-13 20:54:41');
INSERT INTO `acl_role_resource_relation` ( `role_id`, `resource_code`, `create_operator`, `create_time`, `update_time`) VALUES ( '2', '101010107', NULL, '2017-07-13 20:54:41', '2017-07-13 20:54:41');
INSERT INTO `acl_role_resource_relation` ( `role_id`, `resource_code`, `create_operator`, `create_time`, `update_time`) VALUES ( '2', '101010108', NULL, '2017-07-13 20:54:41', '2017-07-13 20:54:41');
INSERT INTO `acl_role_resource_relation` ( `role_id`, `resource_code`, `create_operator`, `create_time`, `update_time`) VALUES ( '2', '101010109', NULL, '2017-07-13 20:54:41', '2017-07-13 20:54:41');
INSERT INTO `acl_role_resource_relation` ( `role_id`, `resource_code`, `create_operator`, `create_time`, `update_time`) VALUES ( '2', '101010201', NULL, '2017-07-13 20:54:41', '2017-07-13 20:54:41');
INSERT INTO `acl_role_resource_relation` ( `role_id`, `resource_code`, `create_operator`, `create_time`, `update_time`) VALUES ( '2', '101010301', NULL, '2017-07-13 20:54:41', '2017-07-13 20:54:41');
INSERT INTO `acl_role_resource_relation` ( `role_id`, `resource_code`, `create_operator`, `create_time`, `update_time`) VALUES ( '2', '101010302', NULL, '2017-07-13 20:54:41', '2017-07-13 20:54:41');
INSERT INTO `acl_role_resource_relation` ( `role_id`, `resource_code`, `create_operator`, `create_time`, `update_time`) VALUES ( '2', '101010110', NULL, '2017-07-13 20:54:41', '2017-07-13 20:54:41');
INSERT INTO `acl_role_resource_relation` ( `role_id`, `resource_code`, `create_operator`, `create_time`, `update_time`) VALUES ( '2', '101010111', NULL, '2017-07-13 20:54:41', '2017-07-13 20:54:41');
INSERT INTO `acl_role_resource_relation` ( `role_id`, `resource_code`, `create_operator`, `create_time`, `update_time`) VALUES ( '2', '101010112', NULL, '2017-07-13 20:54:41', '2017-07-13 20:54:41');
INSERT INTO `acl_role_resource_relation` ( `role_id`, `resource_code`, `create_operator`, `create_time`, `update_time`) VALUES ( '2', '101020101', NULL, '2017-07-13 20:54:41', '2017-07-13 20:54:41');
INSERT INTO `acl_role_resource_relation` ( `role_id`, `resource_code`, `create_operator`, `create_time`, `update_time`) VALUES ( '2', '101020102', NULL, '2017-07-13 20:54:41', '2017-07-13 20:54:41');
INSERT INTO `acl_role_resource_relation` ( `role_id`, `resource_code`, `create_operator`, `create_time`, `update_time`) VALUES ( '2', '101020301', NULL, '2017-07-13 20:54:41', '2017-07-13 20:54:41');
INSERT INTO `acl_role_resource_relation` ( `role_id`, `resource_code`, `create_operator`, `create_time`, `update_time`) VALUES ( '2', '102010101', NULL, '2017-07-13 20:54:41', '2017-07-13 20:54:41');
INSERT INTO `acl_role_resource_relation` ( `role_id`, `resource_code`, `create_operator`, `create_time`, `update_time`) VALUES ( '2', '102010102', NULL, '2017-07-13 20:54:41', '2017-07-13 20:54:41');
INSERT INTO `acl_role_resource_relation` ( `role_id`, `resource_code`, `create_operator`, `create_time`, `update_time`) VALUES ( '2', '102010103', NULL, '2017-07-13 20:54:41', '2017-07-13 20:54:41');
INSERT INTO `acl_role_resource_relation` ( `role_id`, `resource_code`, `create_operator`, `create_time`, `update_time`) VALUES ( '2', '102010201', NULL, '2017-07-13 20:54:41', '2017-07-13 20:54:41');
INSERT INTO `acl_role_resource_relation` ( `role_id`, `resource_code`, `create_operator`, `create_time`, `update_time`) VALUES ( '2', '102010301', NULL, '2017-07-13 20:54:41', '2017-07-13 20:54:41');
INSERT INTO `acl_role_resource_relation` ( `role_id`, `resource_code`, `create_operator`, `create_time`, `update_time`) VALUES ( '2', '102010302', NULL, '2017-07-13 20:54:41', '2017-07-13 20:54:41');
INSERT INTO `acl_role_resource_relation` ( `role_id`, `resource_code`, `create_operator`, `create_time`, `update_time`) VALUES ( '2', '102020101', NULL, '2017-07-13 20:54:41', '2017-07-13 20:54:41');
INSERT INTO `acl_role_resource_relation` ( `role_id`, `resource_code`, `create_operator`, `create_time`, `update_time`) VALUES ( '2', '102020102', NULL, '2017-07-13 20:54:41', '2017-07-13 20:54:41');
INSERT INTO `acl_role_resource_relation` ( `role_id`, `resource_code`, `create_operator`, `create_time`, `update_time`) VALUES ( '2', '102020103', NULL, '2017-07-13 20:54:41', '2017-07-13 20:54:41');
INSERT INTO `acl_role_resource_relation` ( `role_id`, `resource_code`, `create_operator`, `create_time`, `update_time`) VALUES ( '2', '102020201', NULL, '2017-07-13 20:54:41', '2017-07-13 20:54:41');
INSERT INTO `acl_role_resource_relation` ( `role_id`, `resource_code`, `create_operator`, `create_time`, `update_time`) VALUES ( '2', '102020301', NULL, '2017-07-13 20:54:41', '2017-07-13 20:54:41');
INSERT INTO `acl_role_resource_relation` ( `role_id`, `resource_code`, `create_operator`, `create_time`, `update_time`) VALUES ( '2', '102020302', NULL, '2017-07-13 20:54:41', '2017-07-13 20:54:41');
INSERT INTO `acl_role_resource_relation` ( `role_id`, `resource_code`, `create_operator`, `create_time`, `update_time`) VALUES ( '2', '102030101', NULL, '2017-07-13 20:54:41', '2017-07-13 20:54:41');
INSERT INTO `acl_role_resource_relation` ( `role_id`, `resource_code`, `create_operator`, `create_time`, `update_time`) VALUES ( '2', '102030102', NULL, '2017-07-13 20:54:41', '2017-07-13 20:54:41');
INSERT INTO `acl_role_resource_relation` ( `role_id`, `resource_code`, `create_operator`, `create_time`, `update_time`) VALUES ( '2', '102030103', NULL, '2017-07-13 20:54:41', '2017-07-13 20:54:41');
INSERT INTO `acl_role_resource_relation` ( `role_id`, `resource_code`, `create_operator`, `create_time`, `update_time`) VALUES ( '2', '102030104', NULL, '2017-07-13 20:54:41', '2017-07-13 20:54:41');
INSERT INTO `acl_role_resource_relation` ( `role_id`, `resource_code`, `create_operator`, `create_time`, `update_time`) VALUES ( '2', '102030105', NULL, '2017-07-13 20:54:41', '2017-07-13 20:54:41');
INSERT INTO `acl_role_resource_relation` ( `role_id`, `resource_code`, `create_operator`, `create_time`, `update_time`) VALUES ( '2', '102030106', NULL, '2017-07-13 20:54:41', '2017-07-13 20:54:41');
INSERT INTO `acl_role_resource_relation` ( `role_id`, `resource_code`, `create_operator`, `create_time`, `update_time`) VALUES ( '2', '102030201', NULL, '2017-07-13 20:54:41', '2017-07-13 20:54:41');
INSERT INTO `acl_role_resource_relation` ( `role_id`, `resource_code`, `create_operator`, `create_time`, `update_time`) VALUES ( '2', '102030202', NULL, '2017-07-13 20:54:41', '2017-07-13 20:54:41');
INSERT INTO `acl_role_resource_relation` ( `role_id`, `resource_code`, `create_operator`, `create_time`, `update_time`) VALUES ( '2', '102030203', NULL, '2017-07-13 20:54:41', '2017-07-13 20:54:41');
INSERT INTO `acl_role_resource_relation` ( `role_id`, `resource_code`, `create_operator`, `create_time`, `update_time`) VALUES ( '2', '102030301', NULL, '2017-07-13 20:54:41', '2017-07-13 20:54:41');
INSERT INTO `acl_role_resource_relation` ( `role_id`, `resource_code`, `create_operator`, `create_time`, `update_time`) VALUES ( '2', '102030302', NULL, '2017-07-13 20:54:41', '2017-07-13 20:54:41');
INSERT INTO `acl_role_resource_relation` ( `role_id`, `resource_code`, `create_operator`, `create_time`, `update_time`) VALUES ( '2', '102030303', NULL, '2017-07-13 20:54:41', '2017-07-13 20:54:41');
INSERT INTO `acl_role_resource_relation` ( `role_id`, `resource_code`, `create_operator`, `create_time`, `update_time`) VALUES ( '2', '102030304', NULL, '2017-07-13 20:54:41', '2017-07-13 20:54:41');
INSERT INTO `acl_role_resource_relation` ( `role_id`, `resource_code`, `create_operator`, `create_time`, `update_time`) VALUES ( '2', '102030107', NULL, '2017-07-13 20:54:41', '2017-07-13 20:54:41');
INSERT INTO `acl_role_resource_relation` ( `role_id`, `resource_code`, `create_operator`, `create_time`, `update_time`) VALUES ( '2', '103010101', NULL, '2017-07-13 20:54:41', '2017-07-13 20:54:41');
INSERT INTO `acl_role_resource_relation` ( `role_id`, `resource_code`, `create_operator`, `create_time`, `update_time`) VALUES ( '2', '103010102', NULL, '2017-07-13 20:54:41', '2017-07-13 20:54:41');
INSERT INTO `acl_role_resource_relation` ( `role_id`, `resource_code`, `create_operator`, `create_time`, `update_time`) VALUES ( '2', '103010103', NULL, '2017-07-13 20:54:41', '2017-07-13 20:54:41');
INSERT INTO `acl_role_resource_relation` ( `role_id`, `resource_code`, `create_operator`, `create_time`, `update_time`) VALUES ( '2', '103010104', NULL, '2017-07-13 20:54:41', '2017-07-13 20:54:41');
INSERT INTO `acl_role_resource_relation` ( `role_id`, `resource_code`, `create_operator`, `create_time`, `update_time`) VALUES ( '2', '103010105', NULL, '2017-07-13 20:54:41', '2017-07-13 20:54:41');
INSERT INTO `acl_role_resource_relation` ( `role_id`, `resource_code`, `create_operator`, `create_time`, `update_time`) VALUES ( '2', '103010106', NULL, '2017-07-13 20:54:41', '2017-07-13 20:54:41');
INSERT INTO `acl_role_resource_relation` ( `role_id`, `resource_code`, `create_operator`, `create_time`, `update_time`) VALUES ( '2', '103010107', NULL, '2017-07-13 20:54:41', '2017-07-13 20:54:41');
INSERT INTO `acl_role_resource_relation` ( `role_id`, `resource_code`, `create_operator`, `create_time`, `update_time`) VALUES ( '2', '103010201', NULL, '2017-07-13 20:54:41', '2017-07-13 20:54:41');
INSERT INTO `acl_role_resource_relation` ( `role_id`, `resource_code`, `create_operator`, `create_time`, `update_time`) VALUES ( '2', '103010301', NULL, '2017-07-13 20:54:41', '2017-07-13 20:54:41');
INSERT INTO `acl_role_resource_relation` ( `role_id`, `resource_code`, `create_operator`, `create_time`, `update_time`) VALUES ( '2', '103010302', NULL, '2017-07-13 20:54:41', '2017-07-13 20:54:41');
INSERT INTO `acl_role_resource_relation` ( `role_id`, `resource_code`, `create_operator`, `create_time`, `update_time`) VALUES ( '2', '103010303', NULL, '2017-07-13 20:54:41', '2017-07-13 20:54:41');
INSERT INTO `acl_role_resource_relation` ( `role_id`, `resource_code`, `create_operator`, `create_time`, `update_time`) VALUES ( '2', '103010108', NULL, '2017-07-13 20:54:41', '2017-07-13 20:54:41');
INSERT INTO `acl_role_resource_relation` ( `role_id`, `resource_code`, `create_operator`, `create_time`, `update_time`) VALUES ( '2', '103010109', NULL, '2017-07-13 20:54:41', '2017-07-13 20:54:41');
INSERT INTO `acl_role_resource_relation` ( `role_id`, `resource_code`, `create_operator`, `create_time`, `update_time`) VALUES ( '2', '104010101', NULL, '2017-07-13 20:54:41', '2017-07-13 20:54:41');
INSERT INTO `acl_role_resource_relation` ( `role_id`, `resource_code`, `create_operator`, `create_time`, `update_time`) VALUES ( '2', '104010102', NULL, '2017-07-13 20:54:41', '2017-07-13 20:54:41');
INSERT INTO `acl_role_resource_relation` ( `role_id`, `resource_code`, `create_operator`, `create_time`, `update_time`) VALUES ( '2', '104010103', NULL, '2017-07-13 20:54:41', '2017-07-13 20:54:41');
INSERT INTO `acl_role_resource_relation` ( `role_id`, `resource_code`, `create_operator`, `create_time`, `update_time`) VALUES ( '2', '104010104', NULL, '2017-07-13 20:54:41', '2017-07-13 20:54:41');
INSERT INTO `acl_role_resource_relation` ( `role_id`, `resource_code`, `create_operator`, `create_time`, `update_time`) VALUES ( '2', '104010201', NULL, '2017-07-13 20:54:41', '2017-07-13 20:54:41');
INSERT INTO `acl_role_resource_relation` ( `role_id`, `resource_code`, `create_operator`, `create_time`, `update_time`) VALUES ( '2', '104010301', NULL, '2017-07-13 20:54:41', '2017-07-13 20:54:41');
INSERT INTO `acl_role_resource_relation` ( `role_id`, `resource_code`, `create_operator`, `create_time`, `update_time`) VALUES ( '2', '104010302', NULL, '2017-07-13 20:54:41', '2017-07-13 20:54:41');
INSERT INTO `acl_role_resource_relation` ( `role_id`, `resource_code`, `create_operator`, `create_time`, `update_time`) VALUES ( '2', '104020101', NULL, '2017-07-13 20:54:41', '2017-07-13 20:54:41');
INSERT INTO `acl_role_resource_relation` ( `role_id`, `resource_code`, `create_operator`, `create_time`, `update_time`) VALUES ( '2', '104020102', NULL, '2017-07-13 20:54:41', '2017-07-13 20:54:41');
INSERT INTO `acl_role_resource_relation` ( `role_id`, `resource_code`, `create_operator`, `create_time`, `update_time`) VALUES ( '2', '104020103', NULL, '2017-07-13 20:54:41', '2017-07-13 20:54:41');
INSERT INTO `acl_role_resource_relation` ( `role_id`, `resource_code`, `create_operator`, `create_time`, `update_time`) VALUES ( '2', '104020104', NULL, '2017-07-13 20:54:41', '2017-07-13 20:54:41');
INSERT INTO `acl_role_resource_relation` ( `role_id`, `resource_code`, `create_operator`, `create_time`, `update_time`) VALUES ( '2', '104020201', NULL, '2017-07-13 20:54:41', '2017-07-13 20:54:41');
INSERT INTO `acl_role_resource_relation` ( `role_id`, `resource_code`, `create_operator`, `create_time`, `update_time`) VALUES ( '2', '104020301', NULL, '2017-07-13 20:54:41', '2017-07-13 20:54:41');
INSERT INTO `acl_role_resource_relation` ( `role_id`, `resource_code`, `create_operator`, `create_time`, `update_time`) VALUES ( '2', '104020302', NULL, '2017-07-13 20:54:41', '2017-07-13 20:54:41');
INSERT INTO `acl_role_resource_relation` ( `role_id`, `resource_code`, `create_operator`, `create_time`, `update_time`) VALUES ( '2', '104030101', NULL, '2017-07-13 20:54:41', '2017-07-13 20:54:41');
INSERT INTO `acl_role_resource_relation` ( `role_id`, `resource_code`, `create_operator`, `create_time`, `update_time`) VALUES ( '2', '104030102', NULL, '2017-07-13 20:54:41', '2017-07-13 20:54:41');
INSERT INTO `acl_role_resource_relation` ( `role_id`, `resource_code`, `create_operator`, `create_time`, `update_time`) VALUES ( '2', '104030103', NULL, '2017-07-13 20:54:41', '2017-07-13 20:54:41');
INSERT INTO `acl_role_resource_relation` ( `role_id`, `resource_code`, `create_operator`, `create_time`, `update_time`) VALUES ( '2', '104030104', NULL, '2017-07-13 20:54:41', '2017-07-13 20:54:41');
INSERT INTO `acl_role_resource_relation` ( `role_id`, `resource_code`, `create_operator`, `create_time`, `update_time`) VALUES ( '2', '104030105', NULL, '2017-07-13 20:54:41', '2017-07-13 20:54:41');
INSERT INTO `acl_role_resource_relation` ( `role_id`, `resource_code`, `create_operator`, `create_time`, `update_time`) VALUES ( '2', '104030106', NULL, '2017-07-13 20:54:41', '2017-07-13 20:54:41');
INSERT INTO `acl_role_resource_relation` ( `role_id`, `resource_code`, `create_operator`, `create_time`, `update_time`) VALUES ( '2', '104030107', NULL, '2017-07-13 20:54:41', '2017-07-13 20:54:41');
INSERT INTO `acl_role_resource_relation` ( `role_id`, `resource_code`, `create_operator`, `create_time`, `update_time`) VALUES ( '2', '104030108', NULL, '2017-07-13 20:54:41', '2017-07-13 20:54:41');
INSERT INTO `acl_role_resource_relation` ( `role_id`, `resource_code`, `create_operator`, `create_time`, `update_time`) VALUES ( '2', '104030109', NULL, '2017-07-13 20:54:41', '2017-07-13 20:54:41');
INSERT INTO `acl_role_resource_relation` ( `role_id`, `resource_code`, `create_operator`, `create_time`, `update_time`) VALUES ( '2', '104030110', NULL, '2017-07-13 20:54:41', '2017-07-13 20:54:41');
INSERT INTO `acl_role_resource_relation` ( `role_id`, `resource_code`, `create_operator`, `create_time`, `update_time`) VALUES ( '2', '104030111', NULL, '2017-07-13 20:54:41', '2017-07-13 20:54:41');
INSERT INTO `acl_role_resource_relation` ( `role_id`, `resource_code`, `create_operator`, `create_time`, `update_time`) VALUES ( '2', '104030201', NULL, '2017-07-13 20:54:41', '2017-07-13 20:54:41');
INSERT INTO `acl_role_resource_relation` ( `role_id`, `resource_code`, `create_operator`, `create_time`, `update_time`) VALUES ( '2', '104030202', NULL, '2017-07-13 20:54:41', '2017-07-13 20:54:41');
INSERT INTO `acl_role_resource_relation` ( `role_id`, `resource_code`, `create_operator`, `create_time`, `update_time`) VALUES ( '2', '104030203', NULL, '2017-07-13 20:54:41', '2017-07-13 20:54:41');
INSERT INTO `acl_role_resource_relation` ( `role_id`, `resource_code`, `create_operator`, `create_time`, `update_time`) VALUES ( '2', '104030301', NULL, '2017-07-13 20:54:41', '2017-07-13 20:54:41');
INSERT INTO `acl_role_resource_relation` ( `role_id`, `resource_code`, `create_operator`, `create_time`, `update_time`) VALUES ( '2', '104030302', NULL, '2017-07-13 20:54:41', '2017-07-13 20:54:41');
INSERT INTO `acl_role_resource_relation` ( `role_id`, `resource_code`, `create_operator`, `create_time`, `update_time`) VALUES ( '2', '104030303', NULL, '2017-07-13 20:54:41', '2017-07-13 20:54:41');
INSERT INTO `acl_role_resource_relation` ( `role_id`, `resource_code`, `create_operator`, `create_time`, `update_time`) VALUES ( '2', '104040101', NULL, '2017-07-13 20:54:41', '2017-07-13 20:54:41');
INSERT INTO `acl_role_resource_relation` ( `role_id`, `resource_code`, `create_operator`, `create_time`, `update_time`) VALUES ( '2', '104040102', NULL, '2017-07-13 20:54:41', '2017-07-13 20:54:41');
INSERT INTO `acl_role_resource_relation` ( `role_id`, `resource_code`, `create_operator`, `create_time`, `update_time`) VALUES ( '2', '104040103', NULL, '2017-07-13 20:54:41', '2017-07-13 20:54:41');
INSERT INTO `acl_role_resource_relation` ( `role_id`, `resource_code`, `create_operator`, `create_time`, `update_time`) VALUES ( '2', '104040104', NULL, '2017-07-13 20:54:41', '2017-07-13 20:54:41');
INSERT INTO `acl_role_resource_relation` ( `role_id`, `resource_code`, `create_operator`, `create_time`, `update_time`) VALUES ( '2', '104040201', NULL, '2017-07-13 20:54:41', '2017-07-13 20:54:41');
INSERT INTO `acl_role_resource_relation` ( `role_id`, `resource_code`, `create_operator`, `create_time`, `update_time`) VALUES ( '2', '104040301', NULL, '2017-07-13 20:54:41', '2017-07-13 20:54:41');
INSERT INTO `acl_role_resource_relation` ( `role_id`, `resource_code`, `create_operator`, `create_time`, `update_time`) VALUES ( '2', '104040401', NULL, '2017-07-13 20:54:41', '2017-07-13 20:54:41');
INSERT INTO `acl_role_resource_relation` ( `role_id`, `resource_code`, `create_operator`, `create_time`, `update_time`) VALUES ( '2', '104050101', NULL, '2017-07-13 20:54:41', '2017-07-13 20:54:41');
INSERT INTO `acl_role_resource_relation` ( `role_id`, `resource_code`, `create_operator`, `create_time`, `update_time`) VALUES ( '2', '104050103', NULL, '2017-07-13 20:54:41', '2017-07-13 20:54:41');
INSERT INTO `acl_role_resource_relation` ( `role_id`, `resource_code`, `create_operator`, `create_time`, `update_time`) VALUES ( '2', '104050104', NULL, '2017-07-13 20:54:41', '2017-07-13 20:54:41');
INSERT INTO `acl_role_resource_relation` ( `role_id`, `resource_code`, `create_operator`, `create_time`, `update_time`) VALUES ( '2', '104050201', NULL, '2017-07-13 20:54:41', '2017-07-13 20:54:41');
INSERT INTO `acl_role_resource_relation` ( `role_id`, `resource_code`, `create_operator`, `create_time`, `update_time`) VALUES ( '2', '104050301', NULL, '2017-07-13 20:54:41', '2017-07-13 20:54:41');
INSERT INTO `acl_role_resource_relation` ( `role_id`, `resource_code`, `create_operator`, `create_time`, `update_time`) VALUES ( '2', '104050401', NULL, '2017-07-13 20:54:41', '2017-07-13 20:54:41');
INSERT INTO `acl_role_resource_relation` ( `role_id`, `resource_code`, `create_operator`, `create_time`, `update_time`) VALUES ( '2', '104060101', NULL, '2017-07-13 20:54:41', '2017-07-13 20:54:41');
INSERT INTO `acl_role_resource_relation` ( `role_id`, `resource_code`, `create_operator`, `create_time`, `update_time`) VALUES ( '2', '104060201', NULL, '2017-07-13 20:54:41', '2017-07-13 20:54:41');
INSERT INTO `acl_role_resource_relation` ( `role_id`, `resource_code`, `create_operator`, `create_time`, `update_time`) VALUES ( '2', '104060301', NULL, '2017-07-13 20:54:41', '2017-07-13 20:54:41');





